Report ID,Report Version,Reporting Entity,Report Type,Report Month,Report Year,Report Submission Date,VIN,VIN - Unknown,Serial Number,Make,Model,Model - Unknown,Model Year,Model Year - Unknown,Same Vehicle ID,Mileage,Mileage - Unknown,Driver / Operator Type,ADAS/ADS System Version,ADAS/ADS System Version - Unk,ADAS/ADS System Version CBI,ADAS/ADS Hardware Version,ADAS/ADS Hardware Version - Unk,ADAS/ADS Hardware Version CBI,ADAS/ADS Software Version,ADAS/ADS Software Version - Unk,ADAS/ADS Software Version CBI,Other Reporting Entities?,Other Reporting Entities? - Unk,Other Reporting Entities? - NA,Federal Regulatory Exemption?,Other Federal Reg. Exemption,Federal Reg. Exemption - Unk,Federal Reg. Exemption - No,State or Local Permit?,State or Local Permit,ADS Equipped?,Automation System Engaged?,Operating Entity,Operating Entity - Unknown,Source - Complaint/Claim,Source - Telematics,Source - Law Enforcement,Source - Field Report,Source - Testing,Source - Media,Source - Other,Source - Other Text,Incident Date,Incident Date - Unknown,Notice Received Date,Incident Time (24:00),Incident Time - Unknown,Same Incident ID,Latitude,Latitude - Unknown,Longitude,Longitude - Unknown,Address,Address - Unknown,City,City - Unknown,State,Zip Code,Zip Code - Unknown,Roadway Type,Roadway Surface,Roadway Description,Posted Speed Limit (MPH),Posted Speed Limit - Unknown,Lighting,Weather - Clear,Weather - Snow,Weather - Cloudy,Weather - Fog/Smoke,Weather - Rain,Weather - Severe Wind,Weather - Unknown,Weather - Other,Weather - Other Text,Crash With,Highest Injury Severity Alleged,Property Damage?,CP Pre-Crash Movement,CP Any Air Bags Deployed?,CP Was Vehicle Towed?,CP Contact Area - Rear Left,CP Contact Area - Left,CP Contact Area - Front Left,CP Contact Area - Rear,CP Contact Area - Top,CP Contact Area - Front,CP Contact Area - Rear Right,CP Contact Area - Right,CP Contact Area - Front Right,CP Contact Area - Bottom,CP Contact Area - Unknown,SV Pre-Crash Movement,SV Any Air Bags Deployed?,SV Was Vehicle Towed?,SV Were All Passengers Belted?,SV Precrash Speed (MPH),SV Pre-crash Speed - Unknown,SV Contact Area - Rear Left,SV Contact Area - Left,SV Contact Area - Front Left,SV Contact Area - Rear,SV Contact Area - Top,SV Contact Area - Front,SV Contact Area - Rear Right,SV Contact Area - Right,SV Contact Area - Front Right,SV Contact Area - Bottom,SV Contact Area - Unknown,Data Availability - EDR,Data Availability - Police Rpt,Data Availability - Telematics,Data Availability - Complaints,Data Availability - Video,Data Availability - Other,Data Availability - No Data,Data Availability - Unknown,Law Enforcement Investigating?,Investigating Agency,Investigating Agency - Unknown,Rep Ent Or Mfr Investigating?,Investigating Officer Name,Inv. Officer Name - Unknown,Investigating Officer Phone,Inv. Officer Phone - Unknown,Investigating Officer Email,Inv. Officer Email - Unknown,Within ODD?,Within ODD? - CBI,Narrative,Narrative - CBI?,hub_delta_v_less_than_1mph,hub_zip_code,hub_location,hub_crash_type,hub_is_police_reported,hub_is_any_injury_reported,data_period
30270-7637,2,Waymo LLC,Update,,,JUN-2024,SADHW2S17M1, ,,Jaguar,I-Pace, ,2021.0, ,a89e2161ea6f7ac,134602.0, ,,5th Generation, , ,5th Generation, , ,Version 8, , ,, ,Y,,, ,Y,Yes (specify below),ADOT,Yes,ADS,Waymo LLC, , ,Y, , , , , ,,MAY-2024, ,MAY-2024,14:56, ,84ff2f9ead1afe1,[MAY CONTAIN PERSONALLY IDENTIFIABLE INFORMATION], ,[MAY CONTAIN PERSONALLY IDENTIFIABLE INFORMATION], ,[MAY CONTAIN PERSONALLY IDENTIFIABLE INFORMATION], ,Phoenix, ,AZ ,[MAY CONTAIN PERSONALLY IDENTIFIABLE INFORMATION], ,Intersection,Dry,No Unusual Conditions,40.0, ,Daylight,Y, , , , , , , ,,SUV,Unknown,Yes,Proceeding Straight,No,No, , , , , , , , ,Y, , ,Making Left Turn,No,Yes,No Passengers in Vehicle,3.0, , , , , , , , ,Y,Y, , , , ,Y, ,Y,Y, , ,Yes,Phoenix Police Department, ,Yes,[MAY CONTAIN PERSONALLY IDENTIFIABLE INFORMATION], ,,Y,,Y,Yes, ,"On May 10, 2024, Waymo received notice that passengers in the other involved vehicle alleged injuries of unspecified severity. This report is being submitted as an update to the initial report submitted on May 8, 2024 [REDACTED, MAY CONTAIN CONFIDENTIAL BUSINESS INFORMATION]. Otherwise, the content of this report is unchanged.
On May [XXX], 2024 at 2:56 PM MT a Waymo Autonomous Vehicle (""Waymo AV"") operating in Phoenix, Arizona was in a collision involving a Mercedes SUV on [XXX] at [XXX].
The Waymo AV was traveling east on [XXX] at the intersection with [XXX]. As the Waymo AV approached the intersection and prepared to make an unprotected left turn onto northbound [XXX], a Honda SUV on the opposite side of the intersection slowed down in the westbound lane of [XXX] to prepare for an unprotected left onto southbound [XXX]. As the Waymo AV was beginning its unprotected left turn, a Mercedes SUV became visible and was passing on the right side of a line of traffic behind the Honda SUV, partially in the westbound bicycle lane and partially in a paved area between the bicycle lane and the curb of [XXX]. The Mercedes SUV then entered the intersection and the front passenger side corner of the Mercedes SUV made contact with the passenger side of the Waymo AV. At the time of the impact, the Waymo AV's Level 4 ADS was engaged in autonomous mode. Both vehicles sustained damage.
Waymo is reporting this crash under Request No. 1 of Standing General Order 2021-01 because a vehicle involved was towed away. Waymo may supplement or correct its reporting with additional information as it may become available.", ,False,85016,PHOENIX,V2V Intersection,True,True,prior_june16
30270-7720,1,Waymo LLC,Monthly,4.0,2024.0,MAY-2024,SADHW2S13R1, ,,Jaguar,I-Pace, ,2024.0, ,9df799516bace2a,6164.0, ,,5th Generation ADS, , ,5th Generation, , ,Version 8, , ,, ,Y,,, ,Y,Yes (specify below),ADOT,Yes,ADS,Waymo LLC, , ,Y, , , , , ,,APR-2024, ,APR-2024,06:49, ,534bef0e0babf42,[MAY CONTAIN PERSONALLY IDENTIFIABLE INFORMATION], ,[MAY CONTAIN PERSONALLY IDENTIFIABLE INFORMATION], ,[MAY CONTAIN PERSONALLY IDENTIFIABLE INFORMATION], ,Phoenix, ,AZ ,[MAY CONTAIN PERSONALLY IDENTIFIABLE INFORMATION], ,Intersection,Dry,No Unusual Conditions,35.0, ,Daylight,Y, , , , , , , ,,Pickup Truck,No Injuries Reported,Yes,Entering Traffic,No,No, , ,Y, , , , , , , , ,Stopped,No,No,"No, see Narrative",0.0, , , , , , , , ,Y, , , , , ,Y, ,Y,Y, , ,No,, ,Yes,, ,, ,, ,Yes, ,"On April [XXX], 2024 at 6:49 AM MST a Waymo Autonomous Vehicle (Waymo AV) operating in Phoenix, Arizona was in a collision involving a pickup truck on [XXX] at [XXX]. 
The Waymo AV was stopped in traffic for a red light on northbound [XXX] in the number 2 lane (of 3) when a pickup truck towing a trailer began to exit a gas station to the right of the Waymo AV. When the light turned green, the Waymo AV remained stopped, leaving space for the pickup truck-trailer combination to merge with traffic in front of the AV. As the pickup truck turned right, the front drivers side of the pickup truck made contact with the passengers side of the stopped Waymo AV.  At the time of the impact, the Waymo AVs Level 4 ADS was engaged in autonomous mode, and the passenger was not wearing a seatbelt. The Waymo AV sustained damage.
Waymo is reporting this crash under Request No. 2 of Standing General Order 2021-01. Waymo may supplement or correct its reporting with additional information as it may become available.", ,True,85006,PHOENIX,V2V Intersection,False,False,prior_june16
30270-7721,1,Waymo LLC,Monthly,4.0,2024.0,MAY-2024,SADHW2S16M1, ,,Jaguar,I-Pace, ,2021.0, ,539ccc1f53d0028,130737.0, ,,5th Generation ADS, , ,5th Generation, , ,Version 8, , ,, ,Y,,, ,Y,Yes (specify below),ADOT,Yes,ADS,Waymo LLC, , ,Y, , , , , ,,APR-2024, ,APR-2024,15:05, ,23d6f58677eeb78,[MAY CONTAIN PERSONALLY IDENTIFIABLE INFORMATION], ,[MAY CONTAIN PERSONALLY IDENTIFIABLE INFORMATION], ,[MAY CONTAIN PERSONALLY IDENTIFIABLE INFORMATION], ,Chandler, ,AZ ,[MAY CONTAIN PERSONALLY IDENTIFIABLE INFORMATION], ,Parking Lot,Dry,No Unusual Conditions,15.0, ,Daylight,Y, , , , , , , ,,Passenger Car,No Injuries Reported,Yes,Proceeding Straight,No,No, , , , , ,Y, , ,Y, , ,Stopped,No,No,Yes,0.0, , , , ,Y, , ,Y, , , , , , ,Y, ,Y,Y, , ,No,, ,Yes,, ,, ,, ,Yes, ,"On April [XXX], 2024 at 3:05 PM MST a Waymo Autonomous Vehicle (Waymo AV) operating in Chandler, Arizona was in a collision involving a passenger car on [XXX] near [XXX]. 
The Waymo AV was exiting a shopping center driveway and yielding to traffic as it prepared to make a right onto eastbound [XXX] when a passenger car traveling directly behind the Waymo AV made contact with the rear of the Waymo AV. At the time of the impact, the Waymo AVs Level 4 ADS was engaged in autonomous mode. Both vehicles sustained damage.
Waymo is reporting this crash under Request No. 2 of Standing General Order 2021-01. Waymo may supplement or correct its reporting with additional information as it may become available.", ,False,85224,PHOENIX,V2V F2R,False,False,prior_june16
30270-7730,2,Waymo LLC,10-Day Update,,,MAY-2024,SADHW2S10M1, ,,Jaguar,I-Pace, ,2021.0, ,db8ad4169cf7e4c,131785.0, ,,5th Generation ADS, , ,5th Generation, , ,Version 8, , ,, ,Y,,, ,Y,Yes (specify below),ADOT,Yes,ADS,Waymo LLC, , ,Y, , , , , ,,MAY-2024, ,MAY-2024,12:47, ,8e246bfad5628fa,[MAY CONTAIN PERSONALLY IDENTIFIABLE INFORMATION], ,[MAY CONTAIN PERSONALLY IDENTIFIABLE INFORMATION], ,[MAY CONTAIN PERSONALLY IDENTIFIABLE INFORMATION], ,Scottsdale, ,AZ ,[MAY CONTAIN PERSONALLY IDENTIFIABLE INFORMATION], ,Parking Lot,Dry,No Unusual Conditions,15.0, ,Daylight,Y, , , , , , , ,,Passenger Car,No Injuries Reported,Yes,Backing,No,No, , , ,Y, , , , , , , ,Stopped,No,No,Yes,0.0, , ,Y, , , , , , , , , , , ,Y, ,Y,Y, , ,No,, ,Yes,, ,, ,, ,Yes, ,"The content of this report is unchanged from the initial report submitted on May 15, 2024 [REDACTED, MAY CONTAIN CONFIDENTIAL BUSINESS INFORMATION]. 
On May [XXX], 2024 at 12:47 PM MT a Waymo Autonomous Vehicle (Waymo AV) operating in Scottsdale, Arizona was in a collision involving a passenger car in a parking lot at [XXX]. 
The Waymo AV was navigating through a parking lot en route to drop off passengers when it stopped to yield for a pedestrian walking in the parking lot. A passenger car then backed out of a parking spot and made contact with the driver side rear passenger door of the Waymo AV.  At the time of the impact, the Waymo AVs Level 4 ADS was engaged in autonomous mode. Both vehicles sustained damage.
Waymo is reporting this crash under Request No. 1 of Standing General Order 2021-01 because a vulnerable road user was involved. Waymo may supplement or correct its reporting with additional information as it may become available.", ,False,85253,PHOENIX,V2V Backing,False,False,prior_june16
30270-7733,2,Waymo LLC,Update,,,JUN-2024,SADHW2S18M1, ,,Jaguar,I-Pace, ,2021.0, ,2c7a9a00277e615,129471.0, ,,5th Generation ADS, , ,5th Generation, , ,Version 8, , ,, ,Y,,, ,Y,Yes (specify below),AZ DOT,Yes,ADS,Waymo LLC, , ,Y, , , , , ,,MAY-2024, ,MAY-2024,11:02, ,afaee27656544e4,[MAY CONTAIN PERSONALLY IDENTIFIABLE INFORMATION], ,[MAY CONTAIN PERSONALLY IDENTIFIABLE INFORMATION], ,[MAY CONTAIN PERSONALLY IDENTIFIABLE INFORMATION], ,Tempe, ,AZ ,[MAY CONTAIN PERSONALLY IDENTIFIABLE INFORMATION], ,Intersection,Dry,No Unusual Conditions,45.0, ,Daylight,Y, , , , , , , ,,SUV,Moderate,Yes,Making Right Turn,No,No, , , , , , , ,Y, , , ,Proceeding Straight,No,Yes,Yes,19.0, , , ,Y, , , , , , , , , , ,Y, ,Y, , , ,Yes,Tempe Police Department, ,Yes,[MAY CONTAIN PERSONALLY IDENTIFIABLE INFORMATION], ,,Y,,Y,Yes, ,"On May 24, 2024, Waymo received notice that passengers in the other involved vehicle alleged moderate injuries. This report is being submitted as an update to the initial report submitted on May 17, 2024 [REDACTED, MAY CONTAIN CONFIDENTIAL BUSINESS INFORMATION]. Otherwise, the content of this report is unchanged.
On May [XXX], 2024 at 11:02 AM MT a Waymo Autonomous Vehicle (""Waymo AV"") operating in Tempe, Arizona was in a collision involving an SUV on [XXX] at [XXX].
The Waymo AV was traveling west on [XXX] in the far right lane approaching the intersection with [XXX]. An SUV in the lane directly to the left of and adjacent to the Waymo AV passed and overtook the Waymo AV on the left, then initiated a right turn onto [XXX], crossing in front of the Waymo AV. The passenger side of the SUV made contact with the front driver side corner of the Waymo AV. At the time of the impact, the Waymo AV's Level 4 ADS was engaged in autonomous mode.Both vehicles sustained damage.
Waymo is reporting this crash under Request No. 1 of Standing General Order 2021-01 because a vehicle involved was towed away. Waymo may supplement or correct its reporting with additional information as it may become available.", ,False,85282,PHOENIX,V2V Intersection,True,True,prior_june16
30270-7734,1,Waymo LLC,5-Day,,,MAY-2024,SADHW2S18M1, ,,Jaguar,I-Pace, ,2021.0, ,4a17d6b39e90898,95182.0, ,,5th Generation ADS, , ,5th Generation, , ,Version 8, , ,, ,Y,,, ,Y,Yes (specify below),AZ DOT,Yes,ADS,Waymo LLC, , ,Y, , , , , ,,MAY-2024, ,MAY-2024,21:34, ,5aa3127c025c596,[MAY CONTAIN PERSONALLY IDENTIFIABLE INFORMATION], ,[MAY CONTAIN PERSONALLY IDENTIFIABLE INFORMATION], ,[MAY CONTAIN PERSONALLY IDENTIFIABLE INFORMATION], ,Phoenix, ,AZ ,[MAY CONTAIN PERSONALLY IDENTIFIABLE INFORMATION], ,Intersection,Dry,No Unusual Conditions,40.0, ,Dark - Lighted,Y, , , , , , , ,,Passenger Car,Minor,Yes,Making Right Turn,No,No, , , , , ,Y, , ,Y, , ,Making Right Turn,No,Yes,Yes,2.0, ,Y, , ,Y, , , , , , , , , ,Y, ,Y,Y, , ,No,, ,Yes,, ,, ,, ,Yes, ,"On May [XXX], 2024 at 9:34 PM MT Waymo Autonomous Vehicle (""Waymo AV"") operating in Phoenix, Arizona was in a collision involving a passenger car on [XXX] at [XXX].
The Waymo AV was traveling east on [XXX] and came to a stop at a red light at the intersection with  [XXX] to prepare for a right turn. The Waymo AV yielded to cross traffic traveling south on [XXX] and then initiated a right turn when a passenger car traveling north on [XXX] initiated a U-turn across the intended path of the Waymo AV. The Waymo AV slowed to yield to the U-turning passenger car and had begun to accelerate again to complete the right turn when the front of another passenger car which was following behind the Waymo AV made contact with the rear of the Waymo AV. At the time of the impact, the Waymo AV's Level 4 ADS was engaged in autonomous mode. Both vehicles sustained damage.
Waymo is reporting this crash under Request No. 1 of Standing General Order 2021-01 because a vehicle involved was towed away. Waymo may supplement or correct its reporting with additional information as it may become available.", ,False,85034,PHOENIX,V2V F2R,False,True,prior_june16
30270-7794,1,Waymo LLC,5-Day,,,MAY-2024,SADHW2S12R1, ,,Jaguar,I-Pace, ,2024.0, ,e995b23f44e713b,14933.0, ,,5th Generation ADS, , ,5th Generation, , ,Version 9, , ,, ,Y,,, ,Y,Yes (specify below),ADOT,Yes,ADS,Waymo LLC, , ,Y, , , , , ,,MAY-2024, ,MAY-2024,11:47, ,44dd2cadd0daadd,[MAY CONTAIN PERSONALLY IDENTIFIABLE INFORMATION], ,[MAY CONTAIN PERSONALLY IDENTIFIABLE INFORMATION], ,[MAY CONTAIN PERSONALLY IDENTIFIABLE INFORMATION], ,Phoenix, ,AZ ,[MAY CONTAIN PERSONALLY IDENTIFIABLE INFORMATION], ,Street,Dry,No Unusual Conditions,15.0, ,Daylight,Y, , , , , , , ,,Pole / Tree,No Injuries Reported,Yes,,,, , , , , , , , , , , ,Parking Maneuver,No,Yes,No Passengers in Vehicle,8.0, , , , , , ,Y, , , , , , , ,Y, ,Y,Y, , ,No,, ,Yes,, ,, ,, ,Yes, ,"On May [XXX], 2024 at 11:47 AM MST a Waymo Autonomous Vehicle (Waymo AV) operating in Phoenix, Arizona was in a collision involving a utility pole in an alleyway near [XXX] and [XXX]. 
The Waymo AV was traveling north towards [XXX] down an alleyway east of [XXX] when the front of the Waymo AV made contact with a utility pole on the right side of the alleyway. At the time of the impact, the Waymo AVs Level 4 ADS was engaged in autonomous mode. The Waymo AV sustained damage.
Waymo is reporting this crash under Request No. 1 of Standing General Order 2021-01 because a vehicle involved was towed away. Waymo may supplement or correct its reporting with additional information as it may become available.", ,False,85003,PHOENIX,Single Vehicle,False,False,prior_june16
30270-7842,2,Waymo LLC,10-Day Update,,,JUN-2024,SADHW2S12R1, ,,Jaguar,I-Pace, ,2024.0, ,e94c3b2fa53af4e,12239.0, ,,5th Generation ADS, , ,5th Generation, , ,Version 8, , ,, ,Y,,, ,Y,Yes (specify below),ADOT,Yes,ADS,Waymo LLC, , ,Y, , , , , ,,JUN-2024, ,JUN-2024,12:58, ,95bda79c9ba41b5,[MAY CONTAIN PERSONALLY IDENTIFIABLE INFORMATION], ,[MAY CONTAIN PERSONALLY IDENTIFIABLE INFORMATION], ,[MAY CONTAIN PERSONALLY IDENTIFIABLE INFORMATION], ,Scottsdale, ,AZ ,[MAY CONTAIN PERSONALLY IDENTIFIABLE INFORMATION], ,Intersection,Dry,No Unusual Conditions,35.0, ,Daylight,Y, , , , , , , ,,Motorcycle,No Injuries Reported,Yes,Proceeding Straight,Not Applicable,Yes,Y,Y,Y,Y,Y,Y,Y,Y,Y,Y, ,Proceeding Straight,No,Yes,"No, see Narrative",22.0, ,Y, , , , , , , , , , , , ,Y, ,Y,Y, , ,Yes,Scottsdale Police Department, ,Yes,,Y,,Y,,Y,Yes, ,"The content of this report is unchanged from the initial report submitted on June 9, 2024 [REDACTED, MAY CONTAIN CONFIDENTIAL BUSINESS INFORMATION]
On June [XXX], 2024 at 12:58 PM MT a Waymo Autonomous Vehicle (""Waymo AV"") operating in Scottsdale, AZ was in a collision involving a motorcycle on [XXX] at [XXX]. 
The Waymo AV was traveling north in the center through lane on [XXX] at the intersection with [XXX]. While the Waymo AV was driving straight through the intersection with a green light, a motorcycle traveling at a high rate of speed on eastbound [XXX] did not stop for a red light and made contact with the rear driver side corner of the Waymo AV. At the time of the impact, the Waymo AV's Level 4 ADS was engaged in autonomous mode and the passenger was not wearing a seat belt. Both vehicles sustained damage, and Waymo has not received notice of any reported injuries.
Waymo is reporting this crash under Request No. 1 of Standing General Order 2021-01 because a vulnerable road user was involved. Waymo may supplement or correct its reporting with additional information as it may become available.", ,False,85251,PHOENIX,Motorcycle,True,False,prior_june16
30270-7877,1,Waymo LLC,5-Day,,,JUN-2024,SADHW2S11M1, ,,Jaguar,I-Pace, ,2021.0, ,376c8139f54419f,72368.0, ,,5th Generation ADS, , ,5th Generation, , ,Version 8, , ,, ,Y,,, ,Y,Yes (specify below),ADOT,Yes,ADS,Waymo LLC, , ,Y, , , , , ,,MAY-2024, ,MAY-2024,15:34, ,5a4b64087c340c3,[MAY CONTAIN PERSONALLY IDENTIFIABLE INFORMATION], ,[MAY CONTAIN PERSONALLY IDENTIFIABLE INFORMATION], ,[MAY CONTAIN PERSONALLY IDENTIFIABLE INFORMATION], ,Phoenix, ,AZ ,[MAY CONTAIN PERSONALLY IDENTIFIABLE INFORMATION], ,Parking Lot,Dry,No Unusual Conditions,15.0, ,Daylight,Y, , , , , , , ,,Other Fixed Object,No Injuries Reported,Yes,,,, , , , , , , , , , , ,Proceeding Straight,No,Yes,Yes,2.0, , , , , , , ,Y,Y, , , , , ,Y, ,Y,Y, , ,No,, ,Yes,, ,, ,, ,Yes, ,"On May [XXX], 2024 at 3:34 PM MT a Waymo Autonomous Vehicle (""Waymo AV"") operating in Phoenix, Arizona was in a collision involving a fixed object on [XXX] near [XXX].
The Waymo AV was entering a driveway off of [XXX] to drop off a passenger when a partially open gate made contact with the passenger side of Waymo AV. At the time of the impact, the Waymo AV's Level 4 ADS was engaged in autonomous mode. The Waymo AV sustained damage.
Waymo is reporting this crash under Request No. 1 because a vehicle involved was towed away. Waymo may supplement or correct its reporting with additional information as it may become available.", ,True,85008,PHOENIX,Single Vehicle,False,False,prior_june16
30270-7883,1,Waymo LLC,5-Day,,,JUN-2024,SADHW2S15M1, ,,Jaguar,I-Pace, ,2021.0, ,c4c1d30bed93b05,88586.0, ,,5th Generation ADS, , ,5th Generation, , ,Version 9, , ,, ,Y,,, ,Y,Yes (specify below),"CA PUC, CA DMV",Yes,ADS,Waymo LLC, , ,Y, , , , , ,,JUN-2024, ,JUN-2024,18:00, ,d5de86f17304363,[MAY CONTAIN PERSONALLY IDENTIFIABLE INFORMATION], ,[MAY CONTAIN PERSONALLY IDENTIFIABLE INFORMATION], ,[MAY CONTAIN PERSONALLY IDENTIFIABLE INFORMATION], ,Phoenix, ,AZ ,[MAY CONTAIN PERSONALLY IDENTIFIABLE INFORMATION], ,Parking Lot,Dry,No Unusual Conditions,15.0, ,Daylight,Y, , , , , , , ,,SUV,No Injuries Reported,Yes,Passing,No,No,Y, , , , , , , , , , ,Stopped,No,Yes,No Passengers in Vehicle,0.0, ,Y, , , , , , , , , , , , ,Y, ,Y,Y, , ,No,, ,Yes,, ,, ,, ,Yes, ,"On June [XXX], 2024 at 6:00 PM MT a Waymo Autonomous Vehicle (""Waymo AV"") operating in Phoenix, Arizona was in a collision involving an SUV in a parking lot on [XXX] near [XXX]. 
The Waymo AV was stopped, waiting to turn right in a parking lot. An SUV completed a multipoint turn to exit a parking space, and was proceeding past the front of the AV. As the SUV passed the stopped Waymo AV, the driver side of the SUV made contact with the front driver side of the Waymo AV. At the time of the impact, the Waymo AV's Level 4 ADS was engaged in autonomous mode. Both vehicles sustained damage.
Waymo is reporting this crash under Request No. 1 of Standing General Order 2021-01 because a vehicle involved was towed away. Waymo may supplement or correct its reporting with additional information as it may become available.", ,True,85018,PHOENIX,V2V Head-on,False,False,prior_june16
30270-7936,1,Waymo LLC,Monthly,5.0,2024.0,JUN-2024,SADHW2S18R1, ,,Jaguar,I-Pace, ,2024.0, ,2376a04b6b04f4c,10931.0, ,,5th Generation ADS, , ,5th Generation, , ,Version 8, , ,, ,Y,,, ,Y,Yes (specify below),ADOT,Yes,ADS,Waymo LLC, , ,Y, , , , , ,,MAY-2024, ,MAY-2024,08:25, ,8e186003f23c2b5,[MAY CONTAIN PERSONALLY IDENTIFIABLE INFORMATION], ,[MAY CONTAIN PERSONALLY IDENTIFIABLE INFORMATION], ,[MAY CONTAIN PERSONALLY IDENTIFIABLE INFORMATION], ,Tempe, ,AZ ,[MAY CONTAIN PERSONALLY IDENTIFIABLE INFORMATION], ,Parking Lot,Dry,No Unusual Conditions,25.0, ,Daylight,Y, , , , , , , ,,"Other, see Narrative",No Injuries Reported,Yes,"Other, see Narrative",Not Applicable,Not Applicable, , , , , , , , , , ,Y,Making Left Turn,No,No,Yes,3.0, , , ,Y, , ,Y, , ,Y, , , , ,Y, ,Y,Y, , ,No,, ,Yes,, ,, ,, ,Yes, ,"On May [XXX], 2024 at 8:25 AM MT a Waymo Autonomous Vehicle (""Waymo AV"") operating in Tempe, Arizona was in a collision involving a chain at the entrance of a parking lot at Arizona State University on [XXX] near [XXX]. 
The Waymo AV was traveling north on [XXX] when it made a left turn into a parking lot near [XXX]. As the Waymo AV was entering the parking lot, it made contact with a chain hanging at the entrance of the parking lot. At the time of the impact, the Waymo AV's Level 4 ADS was engaged in autonomous mode. The chain sustained damage. 
Waymo is reporting this crash under Request No. 2 of Standing General Order 2021-01. Waymo may supplement or correct its reporting with additional information as it may become available.", ,True,85281,PHOENIX,Single Vehicle,False,False,prior_june16
30270-7941,1,Waymo LLC,Monthly,5.0,2024.0,JUN-2024,SADHW2S15M1, ,,Jaguar,I-Pace, ,2021.0, ,380f141e3688fe0,125840.0, ,,5th Generation ADS, , ,5th Generation, , ,Version 9, , ,, ,Y,,, ,Y,Yes (specify below),ADOT,Yes,ADS,Waymo LLC, , ,Y, , , , , ,,MAY-2024, ,MAY-2024,11:02, ,1bf0008f0ae5e02,[MAY CONTAIN PERSONALLY IDENTIFIABLE INFORMATION], ,[MAY CONTAIN PERSONALLY IDENTIFIABLE INFORMATION], ,[MAY CONTAIN PERSONALLY IDENTIFIABLE INFORMATION], ,Tempe, ,AZ ,[MAY CONTAIN PERSONALLY IDENTIFIABLE INFORMATION], ,Parking Lot,Dry,No Unusual Conditions,15.0, ,Daylight,Y, , , , , , , ,,Passenger Car,No Injuries Reported,Yes,Backing,No,No,Y, , , , , , , , , , ,Parking Maneuver,No,No,No Passengers in Vehicle,4.0, , , , , , , , ,Y, , , , , ,Y, ,Y,Y, , ,Yes,Tempe Police Department, ,Yes,,Y,,Y,,Y,Yes, ,"On May [XXX], 2024 at 11:02 AM MT a Waymo Autonomous Vehicle (""Waymo AV"") operating in Tempe, Arizona was in a collision involving a passenger car in a parking lot at [XXX]. 
The Waymo AV was traveling west through a parking lot on [XXX] when a passenger car reversed out of a parking spot and made contact with the rear passenger door of the Waymo AV. At the time of the impact, the Waymo AV's Level 4 ADS was engaged in autonomous mode. Both vehicles sustained damage.
Waymo is reporting this crash under Request No. 2 of Standing General Order 2021-01. Waymo may supplement or correct its reporting with additional information as it may become available.", ,False,85282,PHOENIX,V2V Backing,True,False,prior_june16
30270-7943,1,Waymo LLC,Monthly,5.0,2024.0,JUN-2024,SADHW2S19M1, ,,Jaguar,I-Pace, ,2021.0, ,82ca7b5717c14e4,142222.0, ,,5th Generation ADS, , ,5th Generation, , ,Version 9, , ,, ,Y,,, ,Y,Yes (specify below),ADOT,Yes,ADS,Waymo LLC, , ,Y, , , , , ,,MAY-2024, ,MAY-2024,10:41, ,293f1c3457530d0,[MAY CONTAIN PERSONALLY IDENTIFIABLE INFORMATION], ,[MAY CONTAIN PERSONALLY IDENTIFIABLE INFORMATION], ,[MAY CONTAIN PERSONALLY IDENTIFIABLE INFORMATION], ,Tempe, ,AZ ,[MAY CONTAIN PERSONALLY IDENTIFIABLE INFORMATION], ,Street,Dry,No Unusual Conditions,30.0, ,Daylight,Y, , , , , , , ,,Passenger Car,No Injuries Reported,Yes,Proceeding Straight,No,No, , ,Y, , , , , , , , ,Stopped,No,No,No Passengers in Vehicle,0.0, , , , ,Y, , , , , , , , , ,Y, ,Y,Y, , ,Yes,Tempe Police Department, ,Yes,[MAY CONTAIN PERSONALLY IDENTIFIABLE INFORMATION], ,,Y,,Y,Yes, ,"On May [XXX], 2024 at 10:41 AM MT a Waymo Autonomous Vehicle (""Waymo AV"") operating in Tempe, Arizona was in a collision involving a passenger car on [XXX] at [XXX]. 
The Waymo AV was traveling north in the middle lane on [XXX] and stopped at a red light when a passenger car made contact with the rear of the Waymo AV.  At the time of the impact, the Waymo AV's Level 4 ADS was engaged in autonomous mode. Both vehicles sustained damage.
Waymo is reporting this crash under Request No. 2 of Standing General Order 2021-01. Waymo may supplement or correct its reporting with additional information as it may become available.", ,True,85283,PHOENIX,V2V F2R,True,False,prior_june16