Report ID,Report Version,Reporting Entity,Report Type,Report Month,Report Year,Report Submission Date,VIN,VIN - Unknown,Serial Number,Make,Model,Model - Unknown,Model Year,Model Year - Unknown,Same Vehicle ID,Mileage,Mileage - Unknown,Driver / Operator Type,ADAS/ADS System Version,ADAS/ADS System Version - Unk,ADAS/ADS System Version CBI,ADAS/ADS Hardware Version,ADAS/ADS Hardware Version - Unk,ADAS/ADS Hardware Version CBI,ADAS/ADS Software Version,ADAS/ADS Software Version - Unk,ADAS/ADS Software Version CBI,Other Reporting Entities?,Other Reporting Entities? - Unk,Other Reporting Entities? - NA,Federal Regulatory Exemption?,Other Federal Reg. Exemption,Federal Reg. Exemption - Unk,Federal Reg. Exemption - No,State or Local Permit?,State or Local Permit,ADS Equipped?,Automation System Engaged?,Operating Entity,Operating Entity - Unknown,Source - Complaint/Claim,Source - Telematics,Source - Law Enforcement,Source - Field Report,Source - Testing,Source - Media,Source - Other,Source - Other Text,Incident Date,Incident Date - Unknown,Notice Received Date,Incident Time (24:00),Incident Time - Unknown,Same Incident ID,Latitude,Latitude - Unknown,Longitude,Longitude - Unknown,Address,Address - Unknown,City,City - Unknown,State,Zip Code,Zip Code - Unknown,Roadway Type,Roadway Surface,Roadway Description,Posted Speed Limit (MPH),Posted Speed Limit - Unknown,Lighting,Weather - Clear,Weather - Snow,Weather - Cloudy,Weather - Fog/Smoke,Weather - Rain,Weather - Severe Wind,Weather - Unknown,Weather - Other,Weather - Other Text,Crash With,Highest Injury Severity Alleged,Property Damage?,CP Pre-Crash Movement,CP Any Air Bags Deployed?,CP Was Vehicle Towed?,CP Contact Area - Rear Left,CP Contact Area - Left,CP Contact Area - Front Left,CP Contact Area - Rear,CP Contact Area - Top,CP Contact Area - Front,CP Contact Area - Rear Right,CP Contact Area - Right,CP Contact Area - Front Right,CP Contact Area - Bottom,CP Contact Area - Unknown,SV Pre-Crash Movement,SV Any Air Bags Deployed?,SV Was Vehicle Towed?,SV Were All Passengers Belted?,SV Precrash Speed (MPH),SV Pre-crash Speed - Unknown,SV Contact Area - Rear Left,SV Contact Area - Left,SV Contact Area - Front Left,SV Contact Area - Rear,SV Contact Area - Top,SV Contact Area - Front,SV Contact Area - Rear Right,SV Contact Area - Right,SV Contact Area - Front Right,SV Contact Area - Bottom,SV Contact Area - Unknown,Data Availability - EDR,Data Availability - Police Rpt,Data Availability - Telematics,Data Availability - Complaints,Data Availability - Video,Data Availability - Other,Data Availability - No Data,Data Availability - Unknown,Law Enforcement Investigating?,Investigating Agency,Investigating Agency - Unknown,Rep Ent Or Mfr Investigating?,Investigating Officer Name,Inv. Officer Name - Unknown,Investigating Officer Phone,Inv. Officer Phone - Unknown,Investigating Officer Email,Inv. Officer Email - Unknown,Within ODD?,Within ODD? - CBI,Narrative,Narrative - CBI?,hub_delta_v_less_than_1mph,hub_zip_code,hub_location,hub_crash_type,hub_is_police_reported,hub_is_any_injury_reported,data_period
30270-7944,1,Waymo LLC,Monthly,5.0,2024.0,JUN-2024,SADHW2S16M1, ,,Jaguar,I-Pace, ,2021.0, ,9052d837901c491,93214.0, ,,5th Generation ADS, , ,5th Generation, , ,Version 9, , ,, ,Y,,, ,Y,Yes (specify below),ADOT,Yes,ADS,Waymo LLC, , ,Y, , , , , ,,MAY-2024, ,MAY-2024,08:33, ,f55fb6e48522863,[MAY CONTAIN PERSONALLY IDENTIFIABLE INFORMATION], ,[MAY CONTAIN PERSONALLY IDENTIFIABLE INFORMATION], ,[MAY CONTAIN PERSONALLY IDENTIFIABLE INFORMATION], ,Phoenix, ,AZ ,[MAY CONTAIN PERSONALLY IDENTIFIABLE INFORMATION], ,Parking Lot,Dry,No Unusual Conditions,15.0, ,Daylight,Y, , , , , , , ,,Passenger Car,No Injuries Reported,Yes,Backing,No,No,Y, , ,Y, , , , , , , ,Proceeding Straight,No,No,Yes,7.0, , , , , , , , ,Y, , , , , ,Y, ,Y,Y, , ,No,, ,Yes,, ,, ,, ,Yes, ,"On May [XXX], 2024 at 8:33 AM MT a Waymo Autonomous Vehicle (""Waymo AV"") operating in Phoenix, Arizona was in a collision involving a passenger car in a parking lot off of [XXX] near [XXX]. 
The Waymo AV was traveling south through a parking lot at Fillmore Place Apartments when a passenger car reversed out of a parking spot to the right of the Waymo AV. The rear of the passenger car made contact with the passenger side of the Waymo AV. At the time of the impact, the Waymo AV's Level 4 ADS was engaged in autonomous mode. The Waymo AV sustained damage and the passenger car left the scene.
Waymo is reporting this crash under Request No. 2 of Standing General Order 2021-01. Waymo may supplement or correct its reporting with additional information as it may become available.", ,False,85008,PHOENIX,V2V Backing,False,False,prior_june16
30270-7945,2,Waymo LLC,Update,,,JUL-2024,SADHW2S15M1, ,,Jaguar,I-Pace, ,2021.0, ,0c7b648d5dfb9f3,81873.0, ,,5th Generation ADS, , ,5th Generation, , ,Version 9, , ,, ,Y,,, ,Y,Yes (specify below),ADOT,Yes,ADS,Waymo LLC, , ,Y, , , , , ,,MAY-2024, ,MAY-2024,11:18, ,acc8936090bcd7f,[MAY CONTAIN PERSONALLY IDENTIFIABLE INFORMATION], ,[MAY CONTAIN PERSONALLY IDENTIFIABLE INFORMATION], ,[MAY CONTAIN PERSONALLY IDENTIFIABLE INFORMATION], ,Tempe, ,AZ ,[MAY CONTAIN PERSONALLY IDENTIFIABLE INFORMATION], ,Intersection,Dry,No Unusual Conditions,40.0, ,Daylight,Y, , , , , , , ,,Passenger Car,Unknown,Yes,Making Left Turn,No,No, , , , , ,Y, , , , , ,Making Left Turn,No,No,Yes,1.0, , , , ,Y, , , , , , , , , ,Y, ,Y,Y, , ,Yes,Tempe Police Department, ,Yes,[MAY CONTAIN PERSONALLY IDENTIFIABLE INFORMATION], ,[MAY CONTAIN PERSONALLY IDENTIFIABLE INFORMATION], ,,Y,Yes, ,"This report is being submitted as an update to the initial report submitted on June 17, 2024 [REDACTED, MAY CONTAIN CONFIDENTIAL BUSINESS INFORMATION]. Waymo also received notice that passengers in the other involved vehicle alleged injuries of unspecified severity and is updating this report accordingly. All other content in this report remains unchanged.
On May [XXX], 2024 at 11:18 AM MT a Waymo Autonomous Vehicle (Waymo AV) operating in [XXX], Arizona was in a collision involving a passenger car on [XXX] at [XXX]. 
The Waymo AV was traveling south on [XXX] and was preparing to make a protected left turn onto [XXX] in the leftmost dedicated left turn lane. As the Waymo AV entered the intersection, the traffic light for the Waymo AVs lane turned red. The Waymo AV began to slow, and the passenger car that was traveling closely behind the Waymo AV made contact with the rear of the Waymo AV. At the time of the impact, the Waymo AVs Level 4 ADS was engaged in autonomous mode. Both vehicles sustained damage.
Waymo is reporting this crash under Request No. 2 of Standing General Order 2021-01. Waymo may supplement or correct its reporting with additional information as it may become available.", ,False,85283,PHOENIX,V2V F2R,True,True,prior_june16
30270-7946,1,Waymo LLC,Monthly,5.0,2024.0,JUN-2024,SADHW2S14R1, ,,Jaguar,I-Pace, ,2024.0, ,35f21dc24f3f317,8640.0, ,,5th Generation ADS, , ,5th Generation, , ,Version 9, , ,, ,Y,,, ,Y,Yes (specify below),ADOT,Yes,ADS,Waymo LLC, , ,Y, , , , , ,,MAY-2024, ,MAY-2024,14:49, ,489ede4ac25d24c,[MAY CONTAIN PERSONALLY IDENTIFIABLE INFORMATION], ,[MAY CONTAIN PERSONALLY IDENTIFIABLE INFORMATION], ,[MAY CONTAIN PERSONALLY IDENTIFIABLE INFORMATION], ,Phoenix, ,AZ ,[MAY CONTAIN PERSONALLY IDENTIFIABLE INFORMATION], ,Parking Lot,Dry,No Unusual Conditions,15.0, ,Daylight, , ,Y, , , , , ,,Heavy Truck,No Injuries Reported,Yes,Backing,No,No, , , , , , ,Y, , , , ,Stopped,No,No,No Passengers in Vehicle,0.0, , , , , , , , , ,Y, , , , ,Y, ,Y,Y, , ,Yes,Phoenix Police Department, ,Yes,[MAY CONTAIN PERSONALLY IDENTIFIABLE INFORMATION], ,[MAY CONTAIN PERSONALLY IDENTIFIABLE INFORMATION], ,,Y,Yes, ,"On May [XXX], 2024 at 2:49 PM MT a Waymo Autonomous Vehicle (""Waymo AV"") operating in Phoenix, Arizona was in a collision involving a heavy truck and trailer in a parking lot near [XXX]. 
The Waymo AV was traveling west on [XXX] when it turned left into a parking lot near [XXX]. As the Waymo AV was traveling through the parking lot, a heavy truck traveling directly in front of the Waymo AV stopped. While the heavy truck remained stopped, the Waymo AV began to slowly proceed straight around the heavy truck, but slowed to a stop as the heavy truck began reversing. The rear passenger side of the heavy trucks trailer then made contact with the front passenger side of the Waymo AV. At the time of the impact, the Waymo AV's Level 4 ADS was engaged in autonomous mode. The Waymo AV sustained damage.
Waymo is reporting this crash under Request No. 2 of Standing General Order 2021-01. Waymo may supplement or correct its reporting with additional information as it may become available.", ,False,85004,PHOENIX,V2V Backing,True,False,prior_june16
30270-7947,1,Waymo LLC,Monthly,5.0,2024.0,JUN-2024,SADHW2S12M1, ,,Jaguar,I-Pace, ,2021.0, ,60cb1d8004eced0,71470.0, ,,5th Generation ADS, , ,5th Generation, , ,Version 8, , ,, ,Y,,, ,Y,Yes (specify below),ADOT,Yes,ADS,Waymo LLC, , ,Y, , , , , ,,MAY-2024, ,MAY-2024,21:13, ,06f87c34e2fe4c0,[MAY CONTAIN PERSONALLY IDENTIFIABLE INFORMATION], ,[MAY CONTAIN PERSONALLY IDENTIFIABLE INFORMATION], ,[MAY CONTAIN PERSONALLY IDENTIFIABLE INFORMATION], ,Phoenix, ,AZ ,[MAY CONTAIN PERSONALLY IDENTIFIABLE INFORMATION], ,Parking Lot,Dry,No Unusual Conditions,15.0, ,Dark - Lighted,Y, , , , , , , ,,"Other, see Narrative",No Injuries Reported,Yes,"Other, see Narrative",Not Applicable,Not Applicable, , , , , , , , , , ,Y,Proceeding Straight,No,No,Yes,3.0, , , , , , ,Y, , , , , , , ,Y, ,Y,Y, , ,No,, ,Yes,, ,, ,, ,Yes, ,"On May [XXX], 2024 at 9:13 PM MT a Waymo Autonomous Vehicle (""Waymo AV"") operating in Phoenix, Arizona was in a collision involving a rope in a parking lot at [XXX]. 
As the Waymo AV was exiting the parking lot onto [XXX], it made contact with a rope that was hanging at the entrance of the parking lot. At the time of the impact, the Waymo AV's Level 4 ADS was engaged in autonomous mode. The Waymo AV and the rope sustained damage.
Waymo is reporting this crash under Request No. 2 of Standing General Order 2021-01. Waymo may supplement or correct its reporting with additional information as it may become available.", ,True,85008,PHOENIX,Single Vehicle,False,False,prior_june16
30270-7952,1,Waymo LLC,Monthly,5.0,2024.0,JUN-2024,SADHW2S19M1, ,,Jaguar,I-Pace, ,2021.0, ,16e0623c0edc3e1,115012.0, ,,5th Generation ADS, , ,5th Generation, , ,Version 8, , ,, ,Y,,, ,Y,Yes (specify below),ADOT,Yes,ADS,Waymo LLC, , ,Y, , , , , ,,MAY-2024, ,MAY-2024,21:04, ,2f3e786bc04b92b,[MAY CONTAIN PERSONALLY IDENTIFIABLE INFORMATION], ,[MAY CONTAIN PERSONALLY IDENTIFIABLE INFORMATION], ,[MAY CONTAIN PERSONALLY IDENTIFIABLE INFORMATION], ,Tempe, ,AZ ,[MAY CONTAIN PERSONALLY IDENTIFIABLE INFORMATION], ,Street,Dry,No Unusual Conditions,40.0, ,Dark - Lighted,Y, , , , , , , ,,Pickup Truck,No Injuries Reported,Yes,Backing,No,No, , , ,Y, , ,Y, , , , ,Stopped,No,No,Yes,0.0, , , ,Y, , ,Y, , , , , , , ,Y, ,Y,Y, , ,Yes,Tempe Police Department, ,Yes,[MAY CONTAIN PERSONALLY IDENTIFIABLE INFORMATION], ,,Y,,Y,Yes, ,"On May [XXX], 2024 at 9:04 PM MT a Waymo Autonomous Vehicle (""Waymo AV"") operating in Tempe, Arizona was in a collision involving a pickup truck on [XXX] near [XXX].
The Waymo AV was traveling south on [XXX] in the right turn lane and came to a stop behind a pickup truck which was stopped at a red light. After the AV had stopped and the light was still red, the pickup truck reversed and the rear of the pickup truck made contact with the front of the Waymo AV.  At the time of the impact, the Waymo AV's Level 4 ADS was engaged in autonomous mode. The Waymo AV sustained damage.
Waymo is reporting this crash under Request No. 2 of Standing General Order 2021-01. Waymo may supplement or correct its reporting with additional information as it may become available.", ,False,85281,PHOENIX,V2V Backing,True,False,prior_june16
30270-7969,1,Waymo LLC,5-Day,,,JUN-2024,SADHW2S18M1, ,,Jaguar,I-Pace, ,2021.0, ,b19cc252a27de4e,89544.0, ,,5th Generation ADS, , ,5th Generation, , ,Version 9, , ,, ,Y,,, ,Y,Yes (specify below),ADOT                                                                                           						,Yes,ADS,Waymo LLC, , ,Y, , , , , ,,JUN-2024, ,JUN-2024,18:34, ,2fae476084aa8d2,[MAY CONTAIN PERSONALLY IDENTIFIABLE INFORMATION], ,[MAY CONTAIN PERSONALLY IDENTIFIABLE INFORMATION], ,[MAY CONTAIN PERSONALLY IDENTIFIABLE INFORMATION], ,Tempe, ,AZ ,[MAY CONTAIN PERSONALLY IDENTIFIABLE INFORMATION], ,Intersection,Dry,No Unusual Conditions,45.0, ,Daylight,Y, , , , , , , ,,"Other, see Narrative",No Injuries Reported,Yes,"Other, see Narrative",Not Applicable,Not Applicable, , , , , , , , , , ,Y,Proceeding Straight,No,Yes,Yes,25.0, ,Y, , , , , , , , , , , , ,Y, ,Y,Y, , ,No,, ,Yes,, ,, ,, ,Yes, ,"On June [XXX], 2024 at 6:34 PM MT a Waymo Autonomous Vehicle (Waymo AV) operating in Tempe, Arizona was in a collision involving debris on [XXX] at [XXX]. 
The Waymo AV was traveling north on [XXX] when the vehicle made contact with a small rectangular object located in the middle of the AVs lane. At the time of the impact, the Waymo AVs Level 4 ADS was engaged in autonomous mode.  The Waymo AV sustained damage to a tire.
Waymo is reporting this crash under Request No. 1 of Standing General Order 2021-01 because a vehicle involved was towed away. Waymo may supplement or correct its reporting with additional information as it may become available.", ,True,85282,PHOENIX,Single Vehicle,False,False,prior_june16
30270-8020,1,Waymo LLC,5-Day,,,JUL-2024,SADHW2S16M1, ,,Jaguar,I-Pace, ,2021.0, ,b8ff4ec3e3740b8,105914.0, ,,5th Generation ADS, , ,5th Generation, , ,Version 9, , ,, ,Y,,, ,Y,Yes (specify below),AZ DOT,Yes,ADS,Waymo LLC, , , , ,Y, , , ,,JUN-2024, ,JUN-2024,7:12, ,378c0e67de82ea5,[MAY CONTAIN PERSONALLY IDENTIFIABLE INFORMATION], ,[MAY CONTAIN PERSONALLY IDENTIFIABLE INFORMATION], ,[MAY CONTAIN PERSONALLY IDENTIFIABLE INFORMATION], ,Phoenix, ,AZ ,[MAY CONTAIN PERSONALLY IDENTIFIABLE INFORMATION], ,Street,Dry,No Unusual Conditions,40.0, ,Daylight,Y, , , , , , , ,,Passenger Car,No Injuries Reported,Yes,Proceeding Straight,No,Yes, , ,Y, , ,Y, , ,Y, , ,Stopped,No,Yes,No Passengers in Vehicle,0.0, ,Y, , ,Y, , ,Y, , , , , ,Y, , , ,Y, , ,Yes,Phoenix Police Department, ,Yes,[MAY CONTAIN PERSONALLY IDENTIFIABLE INFORMATION], ,,Y,,Y,Yes, ,"On June [XXX], 2024 at 7:12 AM PT a Waymo Autonomous Vehicle (""Waymo AV"") operating in Phoenix, Arizona was in a collision involving a passenger car on E Indian [XXX] at [XXX]. 
The Waymo AV was stopped in the leftmost westbound lane of [XXX] of a technical issue when the front of a passenger car traveling west on [XXX] made contact with the rear of the Waymo AV. At the time of the impact, the Waymo AV's Level 4 ADS was engaged in autonomous mode. Both vehicles sustained damage.
Waymo is reporting this crash under Request No. 1 of Standing General Order 2021-01 because a vehicle involved was towed away. Waymo may supplement or correct its reporting with additional information as it may become available.", ,False,85016,PHOENIX,V2V F2R,True,False,prior_june16
30270-8027,1,Waymo LLC,5-Day,,,JUL-2024,SADHW2S18M1, ,,Jaguar,I-Pace, ,2021.0, ,2c7a9a00277e615,136899.0, ,,5th Generation ADS, , ,5th Generation, , ,Version 9, , ,, ,Y,,, ,Y,Yes (specify below),ADOT                   						,Yes,ADS,Waymo LLC, , ,Y, , , , , ,,JUN-2024, ,JUN-2024,00:21, ,0d3092a8f49cdcf,[MAY CONTAIN PERSONALLY IDENTIFIABLE INFORMATION], ,[MAY CONTAIN PERSONALLY IDENTIFIABLE INFORMATION], ,[MAY CONTAIN PERSONALLY IDENTIFIABLE INFORMATION], ,Phoenix, ,AZ ,[MAY CONTAIN PERSONALLY IDENTIFIABLE INFORMATION], ,Intersection,Dry,No Unusual Conditions,40.0, ,Dark - Lighted,Y, , , , , , , ,,Passenger Car,No Injuries Reported,Yes,Proceeding Straight,Yes,No, , ,Y, , ,Y, , ,Y, , ,Stopped,No,Yes,No Passengers in Vehicle,0.0, ,Y, , ,Y, , ,Y, , , , , , ,Y, ,Y,Y, , ,No,, ,Yes,, ,, ,, ,Yes, ,"On June [XXX], 2024 at 12:21 AM MT a Waymo Autonomous Vehicle (Waymo AV) operating in Phoenix, Arizona was in a collision involving a passenger car on [XXX] at [XXX]. 
The Waymo AV was stopped in traffic for a red light on eastbound [XXX] when a passenger car traveling at a high rate of speed approached the Waymo AV from behind. The front of the passenger car made contact with the rear of the Waymo AV. At the time of the impact, the Waymo AVs Level 4 ADS was engaged in autonomous mode. Both vehicles sustained damage, and the passenger car left the scene.
Waymo is reporting this crash under Request No. 1 of Standing General Order 2021-01 because a vehicle involved was towed away and an airbag deployed. Waymo may supplement or correct its reporting with additional information as it may become available.", ,False,85034,PHOENIX,V2V F2R,False,False,prior_june16
30270-8120,1,Waymo LLC,Monthly,6.0,2024.0,JUL-2024,SADHW2S11M1, ,,Jaguar,I-Pace, ,2021.0, ,3da2202cd33026f,122972.0, ,,5th Generation ADS, , ,5th Generation, , ,Version 9, , ,, ,Y,,, ,Y,Yes (specify below),ADOT                                                						,Yes,ADS,Waymo LLC, , ,Y, , , , , ,,JUN-2024, ,JUN-2024,04:37, ,f76f598e5f5f3af,[MAY CONTAIN PERSONALLY IDENTIFIABLE INFORMATION], ,[MAY CONTAIN PERSONALLY IDENTIFIABLE INFORMATION], ,[MAY CONTAIN PERSONALLY IDENTIFIABLE INFORMATION], ,Phoenix, ,AZ ,[MAY CONTAIN PERSONALLY IDENTIFIABLE INFORMATION], ,Street,Dry,No Unusual Conditions,40.0, ,Dark - Lighted,Y, , , , , , , ,,Animal,No Injuries Reported,Yes,"Other, see Narrative",,, , , , , , , , , , , ,Proceeding Straight,No,No,Yes,35.0, ,Y, , , , , , , , ,Y, , , ,Y, ,Y,Y, , ,No,, ,Yes,, ,, ,, ,Yes, ,"On June [XXX], 2024 at 4:37 AM MT a Waymo Autonomous Vehicle (Waymo AV) operating in [XXX], Arizona was in a collision involving an animal on [XXX] near [XXX].
The Waymo AV was traveling east on [XXX] when an animal that appeared to be a cat ran into the roadway from the left side of the road in front of the Waymo AV. The rear drivers side of the Waymo AV then made contact with the animal. At the time of the impact, the Waymo AVs Level 4 ADS was engaged in autonomous mode. The Waymo AV sustained damage. 
Waymo is reporting this crash under Request No. 2 of Standing General Order 2021-01. Although the Waymo AV was towed, that happened for a reason unrelated to the crash so it was not covered by Request 1. D, which applies where ""the crash results in a vehicle tow-away."" Waymo may supplement or correct its reporting with additional information as it may become available.", ,True,85040,PHOENIX,All Others,False,False,prior_june16
30270-8124,1,Waymo LLC,Monthly,6.0,2024.0,JUL-2024,SADHW2S15M1, ,,Jaguar,I-Pace, ,2021.0, ,a6b642eb78b0b79,129577.0, ,,5th Generation ADS, , ,5th Generation, , ,Version 9, , ,, ,Y,,, ,Y,Yes (specify below),ADOT                                                						,Yes,ADS,Waymo LLC, , ,Y, , , , , ,,JUN-2024, ,JUN-2024,10:38, ,d6ff7c26c42f9f3,[MAY CONTAIN PERSONALLY IDENTIFIABLE INFORMATION], ,[MAY CONTAIN PERSONALLY IDENTIFIABLE INFORMATION], ,[MAY CONTAIN PERSONALLY IDENTIFIABLE INFORMATION], ,Phoenix, ,AZ ,[MAY CONTAIN PERSONALLY IDENTIFIABLE INFORMATION], ,Street,Dry,No Unusual Conditions,40.0, ,Daylight,Y, , , , , , , ,,Heavy Truck,No Injuries Reported,Yes,Backing,No,No, , , ,Y, , , , , , , ,Stopped,No,No,Yes,0.0, , , , , , ,Y, , , , , , , ,Y, ,Y,Y, , ,No,, ,Yes,, ,, ,, ,Yes, ,"On June [XXX], 2024 at 10:38 AM MT a Waymo Autonomous Vehicle (Waymo AV) operating in Phoenix, Arizona was in a collision involving a heavy truck on [XXX] near [XXX]. 
The Waymo AV was traveling west on [XXX] when it came to a stop behind a heavy truck that was stopped in the same lane. The heavy truck then began reversing. While the Waymo AV remained stopped, the heavy truck continued reversing and made contact with the front of the Waymo AV. At the time of the impact, the Waymo AVs Level 4 ADS was engaged in autonomous mode. The Waymo AV sustained damage.
Waymo is reporting this crash under Request No. 2 of Standing General Order 2021-01. Waymo may supplement or correct its reporting with additional information as it may become available.", ,True,85034,PHOENIX,V2V Backing,False,False,prior_june16
30270-8128,1,Waymo LLC,Monthly,6.0,2024.0,JUL-2024,SADHW2S11M1, ,,Jaguar,I-Pace, ,2021.0, ,376c8139f54419f,79252.0, ,,5th Generation ADS, , ,5th Generation, , ,Version 9, , ,, ,Y,,, ,Y,Yes (specify below),ADOT						,Yes,ADS,Waymo LLC, , ,Y, , , , , ,,JUN-2024, ,JUN-2024,23:49, ,8fe153dbccf449c,[MAY CONTAIN PERSONALLY IDENTIFIABLE INFORMATION], ,[MAY CONTAIN PERSONALLY IDENTIFIABLE INFORMATION], ,[MAY CONTAIN PERSONALLY IDENTIFIABLE INFORMATION], ,Phoenix, ,AZ ,[MAY CONTAIN PERSONALLY IDENTIFIABLE INFORMATION], ,Street,Dry,No Unusual Conditions,25.0, ,Dark - Lighted,Y, , , , , , , ,,SUV,No Injuries Reported,Yes,Crossing into Opposing Lane,No,No, , , , , , , ,Y, , , ,Stopped,No,No,Yes,0.0, ,Y, , , , , , , , , , , , ,Y, ,Y,Y, , ,No,, ,Yes,, ,, ,, ,Yes, ,"On June [XXX], 2024 at 11:49 PM MT a Waymo Autonomous Vehicle (Waymo AV) operating in [XXX], Arizona was in a collision involving an SUV on [XXX] near [XXX]. 
The Waymo AV was stopped partially in the eastbound lane of  [XXX] after completing a rider pickup when an SUV passed the Waymo AV on the left and the passenger side of the SUV made contact with the rear driver side corner of the Waymo AV.  At the time of the impact, the Waymo AVs Level 4 ADS was engaged in autonomous mode.  The Waymo AV sustained damage.
Waymo is reporting this crash under Request No. 2 of Standing General Order 2021-01. Waymo may supplement or correct its reporting with additional information as it may become available.", ,True,85004,PHOENIX,V2V F2R,False,False,prior_june16
30270-8137,1,Waymo LLC,Monthly,6.0,2024.0,JUL-2024,SADHW2S11M1, ,,Jaguar,I-Pace, ,2021.0, ,a4d6957f197d1df,85096.0, ,,5th Generation ADS, , ,5th Generation, , ,Version 9, , ,, ,Y,,, ,Y,Yes (specify below),ADOT						,Yes,ADS,Waymo LLC, , ,Y, , , , , ,,JUN-2024, ,JUN-2024,16:49, ,911b3590883cc0b,[MAY CONTAIN PERSONALLY IDENTIFIABLE INFORMATION], ,[MAY CONTAIN PERSONALLY IDENTIFIABLE INFORMATION], ,[MAY CONTAIN PERSONALLY IDENTIFIABLE INFORMATION], ,Tempe, ,AZ ,[MAY CONTAIN PERSONALLY IDENTIFIABLE INFORMATION], ,Street,Dry,No Unusual Conditions,45.0, ,Daylight,Y, , , , , , , ,,SUV,No Injuries Reported,Yes,Proceeding Straight,No,No, , , , , ,Y, , , , , ,Stopped,No,No,Yes,0.0, , , , ,Y, , , , , , , , , ,Y, ,Y,Y, , ,Yes,Tempe Police Department, ,Yes,[MAY CONTAIN PERSONALLY IDENTIFIABLE INFORMATION], ,,Y,,Y,Yes, ,"On June [XXX], 2024 at 4:49 PM MT a Waymo Autonomous Vehicle (Waymo AV) operating in [XXX], Arizona was in a collision involving an SUV on [XXX] at [XXX].
The Waymo AV was stopped in a queue of traffic on [XXX] when the front of an SUV traveling behind the Waymo AV made contact with the rear of the Waymo AV.  At the time of the impact, the Waymo AVs Level 4 ADS was engaged in autonomous mode. The Waymo AV sustained damage.
Waymo is reporting this crash under Request No. 2 of Standing General Order 2021-01. Although the Waymo AV was towed, that happened for a reason unrelated to the crash so it was not covered by Request 1. D, which applies where ""the crash results in a vehicle tow-away."" Waymo may supplement or correct its reporting with additional information as it may become available.", ,True,85282,PHOENIX,V2V F2R,True,False,prior_june16
30270-8146,1,Waymo LLC,Monthly,6.0,2024.0,JUL-2024,SADHW2S12M1, ,,Jaguar,I-Pace, ,2021.0, ,60cb1d8004eced0,78153.0, ,,5th Generation ADS, , ,5th Generation, , ,Version 9, , ,, ,Y,,, ,Y,Yes (specify below),ADOT,Yes,ADS,Waymo LLC, , ,Y, , , , , ,,JUN-2024, ,JUN-2024,22:53, ,6b3c02f4aa88803,[MAY CONTAIN PERSONALLY IDENTIFIABLE INFORMATION], ,[MAY CONTAIN PERSONALLY IDENTIFIABLE INFORMATION], ,[MAY CONTAIN PERSONALLY IDENTIFIABLE INFORMATION], ,Chandler, ,AZ ,[MAY CONTAIN PERSONALLY IDENTIFIABLE INFORMATION], ,Street,Dry,No Unusual Conditions,45.0, ,Dark - Lighted,Y, , , , , , , ,,"Other, see Narrative",No Injuries Reported,Yes,"Other, see Narrative",Not Applicable,Not Applicable, , , , , , , , , , ,Y,Proceeding Straight,No,No,Yes,44.0, , , , , , ,Y, , , ,Y, , , ,Y, ,Y,Y, , ,No,, ,Yes,, ,, ,, ,Yes, ,"On June [XXX], 2024 at 10:53 PM MT a Waymo Autonomous Vehicle (Waymo AV) operating in [XXX], Arizona was in a collision involving debris on [XXX] near [XXX]. 
The Waymo AV was traveling east on [XXX] when the vehicle made contact with a small round object located in the middle of the AVs lane.  At the time of the impact, the Waymo AVs Level 4 ADS was engaged in autonomous mode. The Waymo AV sustained damage.
Waymo is reporting this crash under Request No. 2 of Standing General Order 2021-01. Waymo may supplement or correct its reporting with additional information as it may become available.", ,True,85224,PHOENIX,Single Vehicle,False,False,prior_june16
30270-8157,1,Waymo LLC,Monthly,6.0,2024.0,JUL-2024,SADHW2S18R1, ,,Jaguar,I-Pace, ,2024.0, ,1a775515c7d2801,25710.0, ,,5th Generation ADS, , ,5th Generation, , ,Version 9, , ,, ,Y,,, ,Y,Yes (specify below),ADOT						,Yes,ADS,Waymo LLC, ,Y, , , , , , ,,JUN-2024, ,JUN-2024,13:24, ,edd7e50363a5b35,[MAY CONTAIN PERSONALLY IDENTIFIABLE INFORMATION], ,[MAY CONTAIN PERSONALLY IDENTIFIABLE INFORMATION], ,[MAY CONTAIN PERSONALLY IDENTIFIABLE INFORMATION], ,Phoenix, ,AZ ,[MAY CONTAIN PERSONALLY IDENTIFIABLE INFORMATION], ,Parking Lot,Dry,No Unusual Conditions,15.0, ,Daylight,Y, , , , , , , ,,Passenger Car,No Injuries Reported,Yes,Backing,No,No, ,Y, , , , , , , , , ,Stopped,No,No,"No, see Narrative",0.0, , ,Y, , , , , , , , , , , ,Y, ,Y,Y, , ,No,, ,Yes,, ,, ,, ,Yes, ,"On June [XXX], 2024 at 1:24 PM MT a Waymo Autonomous Vehicle (Waymo AV) operating in [XXX], Arizona was in a collision involving a passenger car at [XXX]. 
The Waymo AV was stopped for a drop-off facing south in a parking lot at [XXX]. A rider in the Waymo AV opened the driver side rear door of the Waymo AV. At the same time, a passenger car that was facing north was reversing south through the parking lot and the mirror of the passenger car made contact with the driver side passenger door of the Waymo AV. One of the passengers in the Waymo AV unbuckled their seatbelt shortly before the moment of impact, likely because the AV was at its dropoff location and the passenger was preparing to exit. At the time of the impact, the Waymo AVs Level 4 ADS was engaged in autonomous mode. Waymo has received notice of a claim of damage to the passenger car.
Waymo is reporting this crash under Request No. 2 of Standing General Order 2021-01. Waymo may supplement or correct its reporting with additional information as it may become available.", ,True,85018,PHOENIX,All Others,False,False,prior_june16
30270-8180,1,Waymo LLC,5-Day,,,JUL-2024,SADHW2S15M1, ,,Jaguar,I-Pace, ,2021.0, ,c5a24e4de70b2d6,152712.0, ,,5th Generation ADS, , ,5th Generation, , ,Version 9, , ,, ,Y,,, ,Y,Yes (specify below),AZ DOT,Yes,ADS,Waymo LLC, , ,Y, , , , , ,,JUL-2024, ,JUL-2024,02:35, ,174b383724b7dbb,[MAY CONTAIN PERSONALLY IDENTIFIABLE INFORMATION], ,[MAY CONTAIN PERSONALLY IDENTIFIABLE INFORMATION], ,[MAY CONTAIN PERSONALLY IDENTIFIABLE INFORMATION], ,Scottsdale, ,AZ ,[MAY CONTAIN PERSONALLY IDENTIFIABLE INFORMATION], ,Intersection,Dry,No Unusual Conditions,40.0, ,Dark - Lighted,Y, , , , , , , ,,SUV,No Injuries Reported,Yes,Proceeding Straight,No,No, , ,Y, , , , , , , , ,Proceeding Straight,No,Yes,No Passengers in Vehicle,3.0, , , , , , , ,Y,Y,Y, , , , ,Y, ,Y,Y, , ,Yes,Scottsdale Police Department, ,Yes,[MAY CONTAIN PERSONALLY IDENTIFIABLE INFORMATION], ,,Y,,Y,Yes, ,"On July [XXX], 2024 at 2:35 AM MT a Waymo Autonomous Vehicle (""Waymo AV"") operating in [XXX], Arizona was in a collision involving an SUV on E [XXX] at [XXX]. 
The Waymo AV was traveling east on [XXX] through the intersection on a green light at N [XXX] when an SUV that was traveling north on N [XXX] entered the intersection against the red light and the front driver side corner of the SUV made contact with the passenger side of the Waymo AV.  At the time of the impact, the Waymo AV's Level 4 ADS was engaged in autonomous mode. Both vehicles sustained damage.
Waymo is reporting this crash under Request No. 1 of Standing General Order 2021-01 because a vehicle involved was towed away. Waymo may supplement or correct its reporting with additional information as it may become available.", ,True,85251,PHOENIX,V2V Intersection,True,False,prior_june16