Report ID,Report Version,Reporting Entity,Report Type,Report Month,Report Year,Report Submission Date,VIN,VIN - Unknown,Serial Number,Make,Model,Model - Unknown,Model Year,Model Year - Unknown,Same Vehicle ID,Mileage,Mileage - Unknown,Driver / Operator Type,ADAS/ADS System Version,ADAS/ADS System Version - Unk,ADAS/ADS System Version CBI,ADAS/ADS Hardware Version,ADAS/ADS Hardware Version - Unk,ADAS/ADS Hardware Version CBI,ADAS/ADS Software Version,ADAS/ADS Software Version - Unk,ADAS/ADS Software Version CBI,Other Reporting Entities?,Other Reporting Entities? - Unk,Other Reporting Entities? - NA,Federal Regulatory Exemption?,Other Federal Reg. Exemption,Federal Reg. Exemption - Unk,Federal Reg. Exemption - No,State or Local Permit?,State or Local Permit,ADS Equipped?,Automation System Engaged?,Operating Entity,Operating Entity - Unknown,Source - Complaint/Claim,Source - Telematics,Source - Law Enforcement,Source - Field Report,Source - Testing,Source - Media,Source - Other,Source - Other Text,Incident Date,Incident Date - Unknown,Notice Received Date,Incident Time (24:00),Incident Time - Unknown,Same Incident ID,Latitude,Latitude - Unknown,Longitude,Longitude - Unknown,Address,Address - Unknown,City,City - Unknown,State,Zip Code,Zip Code - Unknown,Roadway Type,Roadway Surface,Roadway Description,Posted Speed Limit (MPH),Posted Speed Limit - Unknown,Lighting,Weather - Clear,Weather - Snow,Weather - Cloudy,Weather - Fog/Smoke,Weather - Rain,Weather - Severe Wind,Weather - Unknown,Weather - Other,Weather - Other Text,Crash With,Highest Injury Severity Alleged,Property Damage?,CP Pre-Crash Movement,CP Any Air Bags Deployed?,CP Was Vehicle Towed?,CP Contact Area - Rear Left,CP Contact Area - Left,CP Contact Area - Front Left,CP Contact Area - Rear,CP Contact Area - Top,CP Contact Area - Front,CP Contact Area - Rear Right,CP Contact Area - Right,CP Contact Area - Front Right,CP Contact Area - Bottom,CP Contact Area - Unknown,SV Pre-Crash Movement,SV Any Air Bags Deployed?,SV Was Vehicle Towed?,SV Were All Passengers Belted?,SV Precrash Speed (MPH),SV Pre-crash Speed - Unknown,SV Contact Area - Rear Left,SV Contact Area - Left,SV Contact Area - Front Left,SV Contact Area - Rear,SV Contact Area - Top,SV Contact Area - Front,SV Contact Area - Rear Right,SV Contact Area - Right,SV Contact Area - Front Right,SV Contact Area - Bottom,SV Contact Area - Unknown,Data Availability - EDR,Data Availability - Police Rpt,Data Availability - Telematics,Data Availability - Complaints,Data Availability - Video,Data Availability - Other,Data Availability - No Data,Data Availability - Unknown,Law Enforcement Investigating?,Investigating Agency,Investigating Agency - Unknown,Rep Ent Or Mfr Investigating?,Investigating Officer Name,Inv. Officer Name - Unknown,Investigating Officer Phone,Inv. Officer Phone - Unknown,Investigating Officer Email,Inv. Officer Email - Unknown,Within ODD?,Within ODD? - CBI,Narrative,Narrative - CBI?,hub_delta_v_less_than_1mph,hub_zip_code,hub_location,hub_crash_type,hub_is_police_reported,hub_is_any_injury_reported,data_period
30270-3633,1,Waymo LLC,Monthly,7.0,2022.0,AUG-2022,SADHW2S19M1, ,,Jaguar,I-Pace, ,2021.0, ,778fffc33261129,34308.0, ,In-Vehicle (Commercial / Test),5th Generation ADS, , ,, , ,, , ,, , ,,, , ,,,Yes,ADS,Waymo LLc, , ,Y, , , , , ,,JUL-2022, ,JUL-2022,23:23, ,7f5142da0d24ab5,[MAY CONTAIN PERSONALLY IDENTIFIABLE INFORMATION], ,[MAY CONTAIN PERSONALLY IDENTIFIABLE INFORMATION], ,[MAY CONTAIN PERSONALLY IDENTIFIABLE INFORMATION], ,San Francisco, ,CA ,[MAY CONTAIN PERSONALLY IDENTIFIABLE INFORMATION], ,Street,Dry,No Unusual Conditions,35.0, ,Dark - Lighted,Y, , , , , , , ,,Passenger Car,No Injuries Reported,Yes,Making Right Turn,No,No, , , , , , ,Y, , , , ,Proceeding Straight,No,No,Yes,9.0, , , ,Y, , , , , , , , , , ,Y, ,Y,Y, , ,No,, ,Yes,, ,, ,, ,Yes, ,"On July [XXX], 2022 at 11:23 PM PST a Waymo Autonomous Vehicle (Waymo AV) operating in San Francisco, California was in a collision involving a passenger car on [XXX] at [XXX].
The Waymo AV was traveling north on [XXX] in the rightmost lane when a passenger car approached the Waymo AV from behind on the left. Just after passing the Waymo AV, the passenger car veered across the path of the Waymo AV into the entrance of a gas station on the right hand side of the roadway. The right rear corner of the passenger vehicle made contact with the front left corner of the Waymo AV, immediately after which the passenger car left the scene.
At the time of the impact, the Waymo AVs Level 4 ADS was not engaged and a test driver was operating the Waymo AV in manual mode. The Waymo AV sustained minor damage.
Waymo is reporting this crash under Request No. 2 of Standing General Order 2021-01. Waymo may supplement or correct its reporting with additional information as it may become available. This report was submitted from the Eastern time zone on the required date.", ,,,,,,,prior_june16
30270-3635,1,Waymo LLC,Monthly,7.0,2022.0,AUG-2022,SADHW2S15M1, ,,Jaguar,I-Pace, ,2021.0, ,a4da19aa3243c05,30770.0, ,In-Vehicle (Commercial / Test),5th Generation ADS, , ,, , ,, , ,, , ,,, , ,,,Yes,ADS,Waymo LLC, , ,Y, , , , , ,,JUL-2022, ,JUL-2022,02:50, ,192521d01c49ce2,[MAY CONTAIN PERSONALLY IDENTIFIABLE INFORMATION], ,[MAY CONTAIN PERSONALLY IDENTIFIABLE INFORMATION], ,[MAY CONTAIN PERSONALLY IDENTIFIABLE INFORMATION], ,San Francisco, ,CA ,[MAY CONTAIN PERSONALLY IDENTIFIABLE INFORMATION], ,Intersection,Dry,No Unusual Conditions,25.0, ,Dark - Lighted,Y, , , , , , , ,,Passenger Car,No Injuries Reported,Yes,Traveling Wrong Way,No,No, , , , , , , ,Y, , , ,Making Left Turn,No,No,Yes,12.0, , , ,Y, , , , , , , , , , ,Y, ,Y,Y, , ,No,, ,Yes,, ,, ,, ,Yes, ,"On July [XXX], 2022 at 2:18 AM PST a Waymo Autonomous Vehicle (Waymo AV) operating in San Francisco, California was in a collision involving a passenger car on [XXX] at [XXX].
The Waymo AV was traveling west on [XXX] and preparing to make a left turn onto [XXX] to travel south. A passenger car passed the Waymo AV and the vehicle directly behind the Waymo AV by crossing into and driving in the opposing lane of traffic. As the passenger vehicle passed the Waymo on the left, the right side of the passenger vehicle made contact with the front left corner of the Waymo AV, immediately after which the passenger car left the scene. At the time of impact, the Waymo AVs Level 4 ADS was not engaged and a test driver was operating the Waymo AV in manual mode. The Waymo AV sustained minor damage.
Waymo is reporting this crash under Request No. 2 of Standing General Order 2021-01. Waymo may supplement or correct its reporting with additional information as it may become available. This report was submitted from the Eastern time zone on the required date.", ,,,,,,,prior_june16
30270-3655,1,Waymo LLC,Monthly,7.0,2022.0,AUG-2022,SADHW2S13M1, ,,Jaguar,I-Pace, ,2021.0, ,ec3bbd986bcba9a,,Y,In-Vehicle (Commercial / Test),5th Generation ADS, , ,, , ,, , ,, , ,,, , ,,,Yes,ADS,Waymo LLC, ,Y, , , , , , ,,JUN-2022, ,JUL-2022,16:50, ,8c56b788577d262,[MAY CONTAIN PERSONALLY IDENTIFIABLE INFORMATION], ,[MAY CONTAIN PERSONALLY IDENTIFIABLE INFORMATION], ,[MAY CONTAIN PERSONALLY IDENTIFIABLE INFORMATION], ,San Francisco, ,CA ,[MAY CONTAIN PERSONALLY IDENTIFIABLE INFORMATION], ,Intersection,Dry,No Unusual Conditions,35.0, ,Daylight,Y, , , , , , , ,,"Other, see Narrative",Minor,Unknown,"Other, see Narrative",No,No, , , , , , , , , , ,Y,"Other, see Narrative",No,No,Yes,18.0, , , , , , , , , , , ,Y, , ,Y, ,Y,Y, , ,No,, ,Yes,, ,, ,, ,Yes, ,"On June [XXX], 2022 at approximately 4:50 PM PST a Waymo Autonomous Vehicle (Waymo AV) operating in San Francisco, California allegedly contributed to a collision between a passenger vehicle and a pickup truck on [XXX] at [XXX], according to a claim by the driver of the passenger vehicle. 
The Waymo AV was in autonomous mode and preparing to enter southbound [XXX] via the slip lane at southbound [XXX]. The Waymo AV proceeded to merge onto [XXX] as a passenger vehicle on [XXX] approached from behind. A pickup truck was traveling next to the passenger vehicle in the adjacent left lane. As the passenger vehicle approached the Waymo AV from behind, the passenger vehicle entered the adjacent left lane that was occupied by the pickup truck and maneuvered around the Waymo AV. The pickup truck proceeded without stopping, and the passenger vehicles driver shortly after signaled to the Waymo AV test driver to pull over. The Waymo AV test driver then transitioned to manual mode and pulled over. Waymo has no data or knowledge of any contact between any of the three vehicles. There was no contact or collision between the Waymo AV and any other vehicle. However, the driver and passenger in the passenger vehicle have subsequently alleged injuries based on alleged contact between the pick-up truck and passenger vehicle, which contact their allegations attribute to the behavior of Waymos AV in a bodily injury claim under Waymos insurance policy.  Waymo received notice of this insurance claim on July [XXX].
Waymo is reporting this event under Request No. 2 of Standing General Order 2021-01. Waymo may supplement or correct its reporting with additional information as it may become available. This report was submitted from the Eastern time zone on the required date.", ,,,,,,,prior_june16
30270-3842,1,Waymo LLC,Monthly,8.0,2022.0,SEP-2022,SADHW2S1XM1, ,,Jaguar,I-Pace, ,2021.0, ,39cc9faced8effe,22657.0, ,,5th Generation ADS, , ,, , ,, , ,, , ,,, , ,,,Yes,ADS,Waymo LLC, , ,Y, , , , , ,,AUG-2022, ,AUG-2022,17:05, ,72c8ad256e6283a,[MAY CONTAIN PERSONALLY IDENTIFIABLE INFORMATION], ,[MAY CONTAIN PERSONALLY IDENTIFIABLE INFORMATION], ,[MAY CONTAIN PERSONALLY IDENTIFIABLE INFORMATION], ,San Francisco, ,CA ,[MAY CONTAIN PERSONALLY IDENTIFIABLE INFORMATION], ,Intersection,Dry,No Unusual Conditions,25.0, ,Daylight,Y, , , , , , , ,,SUV,No Injuries Reported,Yes,Proceeding Straight,No,No, , , , , ,Y, , , , , ,Stopped,No,No,Yes,0.0, ,Y, , ,Y, , , , , , , , , ,Y, ,Y,Y, , ,No,, ,Yes,, ,, ,, ,Yes, ,"On August [XXX], 2022 at 5:05 PM PST a Waymo Autonomous Vehicle (""Waymo AV"") operating in San Francisco, California was in a collision involving an SUV on [XXX] at [XXX].
While approaching a merge onto southbound [XXX] from southbound [XXX], the Waymo AV came to a stop to yield for approaching traffic on the left. While the Waymo AV was stopped, an SUV approached from behind and made contact with the rear bumper of the Waymo AV. At the time of the impact, the Waymo AV's Level 4 ADS was engaged. Both vehicles sustained minor damage.
Waymo is reporting this crash under Request No. 2 of Standing General Order 2021-01. Waymo may supplement or correct its reporting with additional information as it may become available.", ,False,94114,SAN_FRANCISCO,V2V F2R,False,False,prior_june16
30270-3843,1,Waymo LLC,Monthly,8.0,2022.0,SEP-2022,SADHW2S19M1, ,,Jaguar,I-Pace, ,2021.0, ,d486f6b56e17cbc,17214.0, ,In-Vehicle (Commercial / Test),5th Generation ADS, , ,, , ,, , ,, , ,,, , ,,,Yes,ADS,Waymo LLC, , ,Y, , , , , ,,AUG-2022, ,AUG-2022,18:08, ,e0563b63e1a8347,[MAY CONTAIN PERSONALLY IDENTIFIABLE INFORMATION], ,[MAY CONTAIN PERSONALLY IDENTIFIABLE INFORMATION], ,[MAY CONTAIN PERSONALLY IDENTIFIABLE INFORMATION], ,San Francisco, ,CA ,[MAY CONTAIN PERSONALLY IDENTIFIABLE INFORMATION], ,Street,Dry,No Unusual Conditions,25.0, ,Daylight,Y, , , , , , , ,,Passenger Car,No Injuries Reported,Yes,Proceeding Straight,No,No, , , , , ,Y, , , , , ,Stopped,No,No,Yes,0.0, , , , ,Y, , ,Y, , , , , , ,Y, ,Y,Y, , ,No,, ,Yes,, ,, ,, ,Yes, ,"On August [XXX], 2022 at 6:08 PM PST a Waymo Autonomous Vehicle (""Waymo AV"") operating in San Francisco, California was in a collision involving a passenger car on[XXX] near [XXX]. 
The Waymo AV was stopped in traffic in the left-hand lane of [XXX], facing East. The passenger car that had been stopped behind the Waymo AV began moving forward. The front of the passenger car made contact with the rear of the Waymo AV. When the light turned green and traffic began moving, the passenger car left the scene. At the time of the impact, the Waymo AV's Level 4 ADS was engaged in autonomous mode, and a test driver was present (in the driver's seating position). The Waymo AV sustained damage. 
Waymo is reporting this crash under Request No. 2 of Standing General Order 2021-01. Waymo may supplement or correct its reporting with additional information as it may become available.", ,,,,,,,prior_june16
30270-3844,1,Waymo LLC,Monthly,8.0,2022.0,SEP-2022,SADHW2S15M1, ,,Jaguar,I-Pace, ,2021.0, ,1d779bc3c6588a4,10537.0, ,In-Vehicle (Commercial / Test),5th Generation ADS, , ,, , ,, , ,, , ,,, , ,,,Yes,ADS,Waymo LLC, , ,Y, , , , , ,,AUG-2022, ,AUG-2022,03:52, ,ca8c63af9d4185b,[MAY CONTAIN PERSONALLY IDENTIFIABLE INFORMATION], ,[MAY CONTAIN PERSONALLY IDENTIFIABLE INFORMATION], ,[MAY CONTAIN PERSONALLY IDENTIFIABLE INFORMATION], ,San Francisco, ,CA ,[MAY CONTAIN PERSONALLY IDENTIFIABLE INFORMATION], ,Intersection,Dry,No Unusual Conditions,25.0, ,Dark - Lighted,Y, , , , , , , ,,SUV,No Injuries Reported,Yes,Crossing into Opposing Lane,No,No, , ,Y, , , , , , , , ,Proceeding Straight,No,No,Yes,2.0, , ,Y, , , , , , , , , , , ,Y, ,Y,Y, , ,No,, ,Yes,, ,, ,, ,Yes, ,"On August [XXX], 2022 at 3:52 AM PST a Waymo Autonomous Vehicle (""Waymo AV"") operating in San Francisco, California was in a collision involving a SUV on [XXX] at [XXX].
The Waymo AV was traveling West on [XXX] and stopped at the stop sign at the intersection with [XXX]. As the Waymo AV slowed to a stop, a SUV traveling in the opposite lane, East on [XXX], crossed the intersection with [XXX] and came to a stop in the opposite lane, next to the Waymo AV. After stopping, the SUV began moving again and the front left corner of the SUV made contact with the left side of the Waymo AV. The SUV then left the scene. At the time of the impact, the Waymo AV's Level 4 ADS was engaged in autonomous mode, and a test driver was present (in the driver's seating position). The Waymo AV sustained damage.
Waymo is reporting this crash under Request No. 2 of Standing General Order 2021-01. Waymo may supplement or correct its reporting with additional information as it may become available.", ,,,,,,,prior_june16
30270-3852,1,Waymo LLC,Monthly,8.0,2022.0,SEP-2022,SADHW2S18M1, ,,Jaguar,I-Pace, ,2021.0, ,006bac2ce63f1bf,28679.0, ,In-Vehicle (Commercial / Test),5th Generation ADS, , ,, , ,, , ,, , ,,, , ,,,Yes,ADS,Waymo LLC, , ,Y, , , , , ,,AUG-2022, ,AUG-2022,18:15, ,f4d487ba374fe26,[MAY CONTAIN PERSONALLY IDENTIFIABLE INFORMATION], ,[MAY CONTAIN PERSONALLY IDENTIFIABLE INFORMATION], ,[MAY CONTAIN PERSONALLY IDENTIFIABLE INFORMATION], ,San Francisco, ,CA ,[MAY CONTAIN PERSONALLY IDENTIFIABLE INFORMATION], ,Intersection,Dry,No Unusual Conditions,25.0, ,Daylight, , ,Y, , , , , ,,Van,No Injuries Reported,Yes,Proceeding Straight,No,No, , ,Y, , ,Y, , ,Y, , ,Stopped,No,No,Yes,0.0, ,Y, , ,Y, , , , , , , , , ,Y, ,Y,Y, , ,No,, ,Yes,, ,, ,, ,Yes, ,"On August [XXX], 2022 at 6:05 PM PST a Waymo Autonomous Vehicle (""Waymo AV"") operating in San Francisco, California was in a collision involving a van on [XXX] at [XXX].
The Waymo AV was traveling west on [XXX] and came to a stop behind a double-parked vehicle in the right lane. Shortly after coming to a stop, a van approached from behind and made contact with the rear of the Waymo AV. The van then changed lanes and left the scene. At the time of the impact, the Waymo AV's Level 4 ADS was engaged in autonomous mode, and a test driver was present (in the driver's seating position). The Waymo AV sustained damage.
Waymo is reporting this crash under Request No. 2 of Standing General Order 2021-01. Waymo may supplement or correct its reporting with Yadditional information as it may become available.", ,,,,,,,prior_june16
30270-4,2,Waymo LLC,10-Day Update,,,JUL-2021,SADHW2S14M1, ,,Jaguar,I-Pace, ,2021.0, ,fcbda73e579f03e,1232.0, ,"Other, see Narrative",5th Generation ADS, , ,, , ,, , ,, , ,,, , ,,,Yes,ADS,Waymo LLC, , ,Y, , , , , ,,JUL-2021, ,JUL-2021,16:47, ,271d12d94b19ecc,[MAY CONTAIN PERSONALLY IDENTIFIABLE INFORMATION], ,[MAY CONTAIN PERSONALLY IDENTIFIABLE INFORMATION], ,[MAY CONTAIN PERSONALLY IDENTIFIABLE INFORMATION], ,San Francisco, ,CA ,[MAY CONTAIN PERSONALLY IDENTIFIABLE INFORMATION], ,Street,Dry,No Unusual Conditions,25.0, ,Daylight,Y, , , , , , , ,,Passenger Car,No Injuries Reported,Yes,"Other, see Narrative",Unknown,No, , , , , , , , , , ,Y,Proceeding Straight,No,Yes,Yes,18.0, , ,Y, ,Y, , ,Y, , , , , , ,Y, ,Y,Y, , ,Yes,San Francisco Police Department, ,Yes,[MAY CONTAIN PERSONALLY IDENTIFIABLE INFORMATION], ,[MAY CONTAIN PERSONALLY IDENTIFIABLE INFORMATION], ,[MAY CONTAIN PERSONALLY IDENTIFIABLE INFORMATION], ,Yes, ,"No update to narrative. Please refer to Waymo LLC Report - 202107[XXX]-0 (rev.202107[XXX]170340) submitted on July [XXX], 2021.", ,,,,,,,prior_june16
30270-4051,1,Waymo LLC,Monthly,9.0,2022.0,OCT-2022,SADHW2S14M1, ,,Jaguar,I-Pace, ,2021.0, ,3f1e3d345cb4788,21860.0, ,In-Vehicle (Commercial / Test),5th Generation ADS, , ,, , ,, , ,, , ,,, , ,,,Yes,ADS,Waymo LLC, , ,Y, , , , , ,,SEP-2022, ,SEP-2022,12:57, ,ef640dbe91eb562,[MAY CONTAIN PERSONALLY IDENTIFIABLE INFORMATION], ,[MAY CONTAIN PERSONALLY IDENTIFIABLE INFORMATION], ,[MAY CONTAIN PERSONALLY IDENTIFIABLE INFORMATION], ,San Francisco, ,CA ,[MAY CONTAIN PERSONALLY IDENTIFIABLE INFORMATION], ,Intersection,Dry,No Unusual Conditions,5.0, ,Daylight,Y, , , , , , , ,,Pickup Truck,No Injuries Reported,Yes,Making Left Turn,No,No,Y, , , , , , , , , , ,Stopped,No,No,Yes,0.0, ,Y, , , , , , , , , , , , ,Y, ,Y,Y, , ,No,, ,Yes,, ,, ,, ,Yes, ,"On September [XXX], 2022 at 12:57 PM PST a Waymo Autonomous Vehicle (Waymo AV) operating in San Francisco, CA was in a collision involving a pickup truck in a parking lot at [XXX].
The Waymo AV came to a stop in the parking lot while yielding to both pedestrians and an oncoming pickup truck. While the Waymo AV was stopped, the oncoming pickup truck passed the Waymo AV on the left hand side, making contact with the rear left sensor of the Waymo AV. The pickup truck then left the scene. At the time of the impact, the Waymo AVs Level 4 ADS was stationary and engaged in autonomous mode, and a test driver was present (in the drivers seating position). The Waymo AV sustained damage.
Waymo is reporting this crash under Request No. 2 of Standing General Order 2021-01. Waymo may supplement or correct its reporting with additional information as it may become available.", ,,,,,,,prior_june16
30270-4072,1,Waymo LLC,Monthly,9.0,2022.0,OCT-2022,SADHW2S18M1, ,,Jaguar,I-Pace, ,2021.0, ,2c7a9a00277e615,38190.0, ,In-Vehicle (Commercial / Test),5th Generation ADS, , ,, , ,, , ,, , ,,, , ,,,Yes,ADS,Waymo LLC, , ,Y, , , , , ,,SEP-2022, ,SEP-2022,09:42, ,fa194d70fbd9972,[MAY CONTAIN PERSONALLY IDENTIFIABLE INFORMATION], ,[MAY CONTAIN PERSONALLY IDENTIFIABLE INFORMATION], ,[MAY CONTAIN PERSONALLY IDENTIFIABLE INFORMATION], ,San Francisco, ,CA ,[MAY CONTAIN PERSONALLY IDENTIFIABLE INFORMATION], ,Intersection,Dry,No Unusual Conditions,25.0, ,Daylight,Y, , , , , , , ,,Passenger Car,No Injuries Reported,Yes,Proceeding Straight,No,No, , , , , ,Y, , , , , ,Stopped,No,No,Yes,0.0, , , , ,Y, , , , , , , , , ,Y, ,Y,Y, , ,No,, ,Yes,, ,, ,, ,Yes, ,"On September [XXX], 2022 at 9:42 AM PST a Waymo Autonomous Vehicle (Waymo AV) operating in San Francisco, California was in a collision involving a passenger car on[XXX] at [XXX].
The Waymo AV was traveling east on [XXX] in autonomous mode when it stopped at a stop sign at [XXX]. A passenger car approaching from behind made contact with the rear of the Waymo AV. At the time of the impact, the Waymo AVs Level 4 ADS was engaged in autonomous mode, and a test driver was present (in the drivers seating position). The Waymo AV sustained damage.
Waymo is reporting this crash under Request No. 2 of Standing General Order 2021-01. Waymo may supplement or correct its reporting with additional information as it may become available.", ,,,,,,,prior_june16
30270-4073,1,Waymo LLC,Monthly,9.0,2022.0,OCT-2022,SADHW2S19M1, ,N/a,Jaguar,I-Pace, ,2021.0, ,c6b9fb3009b44fc,24086.0, ,In-Vehicle (Commercial / Test),5th Generation ADS, , ,, , ,, , ,, , ,,, , ,,,Yes,ADS,Waymo LLC, , ,Y, , , , , ,,SEP-2022, ,SEP-2022,06:38, ,608483a735c3efb,[MAY CONTAIN PERSONALLY IDENTIFIABLE INFORMATION], ,[MAY CONTAIN PERSONALLY IDENTIFIABLE INFORMATION], ,[MAY CONTAIN PERSONALLY IDENTIFIABLE INFORMATION], ,San Francisco, ,CA ,[MAY CONTAIN PERSONALLY IDENTIFIABLE INFORMATION], ,Intersection,Dry,No Unusual Conditions,25.0, ,Dawn / Dusk,Y, , , , , , , ,,SUV,No Injuries Reported,Yes,Changing Lanes,No,No, , , , , , ,Y, , , , ,Stopped,No,No,Yes,0.0, ,Y, , , , , , , , , , , , ,Y, ,Y,Y, , ,No,, ,Yes,, ,, ,, ,Yes, ,"On September [XXX], 2022 at 6:38 AM PST a Waymo Autonomous Vehicle (Waymo AV) operating in San Francisco, California was in a collision involving an SUV on [XXX] and [XXX].
While traveling northbound on [XXX], the Waymo AV changed lanes from the center lane to the right lane before slowing to a stop at a red light at [XXX]. While the Waymo AV was making the lane change, the vehicle immediately behind the Waymo AV in the right lane moved to the center lane and made contact with the right rear sensor of the Waymo AV. At the time of the impact, the Waymo AVs Level 4 ADS was engaged in autonomous mode, and a test driver was present (in the drivers seating position). The SUV sustained damage.
Waymo is reporting this crash under Request No. 2 of Standing General Order 2021-01. Waymo may supplement or correct its reporting with additional information as it may become available.", ,,,,,,,prior_june16
30270-4274,1,Waymo LLC,Monthly,10.0,2022.0,NOV-2022,SADHW2S18M1, ,,Jaguar,I-Pace, ,2021.0, ,4a17d6b39e90898,28333.0, ,In-Vehicle (Commercial / Test),5th Generation ADS, , ,, , ,, , ,, , ,,, , ,,,Yes,ADS,Waymo LLC, , ,Y, , , , , ,,OCT-2022, ,OCT-2022,08:27, ,27528ff2c99e583,[MAY CONTAIN PERSONALLY IDENTIFIABLE INFORMATION], ,[MAY CONTAIN PERSONALLY IDENTIFIABLE INFORMATION], ,[MAY CONTAIN PERSONALLY IDENTIFIABLE INFORMATION], ,San Francisco, ,CA ,[MAY CONTAIN PERSONALLY IDENTIFIABLE INFORMATION], ,Intersection,Dry,No Unusual Conditions,15.0, ,Daylight,Y, , , , , , , ,,"Other, see Narrative",No Injuries Reported,Yes,"Other, see Narrative",Not Applicable,Not Applicable, , , , , , , , , , ,Y,Making Right Turn,No,No,Yes,6.0, , , , , , , , , , ,Y, , , ,Y, ,Y,Y, , ,No,, ,Yes,, ,, ,, ,Yes, ,"On October [XXX], 2022 at 8:27 AM PST a Waymo Autonomous Vehicle (Waymo AV) operating in San Francisco, California made contact with the pavement on a steep hill on [XXX] at [XXX].
The Waymo AV was on a steep hill, turning from [XXX] onto [XXX], when the Waymo AV's undercarriage made contact with the pavement (the AV did not contact any vehicle or road user). At the time of the impact, the Waymo AVs Level 4 ADS was engaged in autonomous mode, and a test driver was present (in the drivers seating position). The Waymo AV sustained damage.
Waymo is reporting this crash under Request No. 2 of Standing General Order 2021-01. Waymo may supplement or correct its reporting with additional information as it may become available.", ,,,,,,,prior_june16
30270-4482,1,Waymo LLC,Monthly,11.0,2022.0,DEC-2022,SADHW2S16M1, ,,Jaguar,I-Pace, ,2021.0, ,5ea534fc5d6467f,21957.0, ,In-Vehicle and Remote (Commercial / Test),5th Generation ADS, , ,, , ,, , ,, , ,,, , ,,,Yes,ADS,Waymo LLC, , ,Y, , , , , ,,NOV-2022, ,NOV-2022,16:30, ,439627d9d2569d4,[MAY CONTAIN PERSONALLY IDENTIFIABLE INFORMATION], ,[MAY CONTAIN PERSONALLY IDENTIFIABLE INFORMATION], ,[MAY CONTAIN PERSONALLY IDENTIFIABLE INFORMATION], ,San Francisco, ,CA ,[MAY CONTAIN PERSONALLY IDENTIFIABLE INFORMATION], ,Street,Dry,No Unusual Conditions,25.0, ,Daylight, , ,Y, , , , , ,,SUV,No Injuries Reported,Yes,Parked,No,No,Y, , , , , , , , , , ,Backing,No,No,Yes,2.0, , , , , , , , , ,Y, , , , ,Y, ,Y,Y, , ,No,, ,Yes,, ,, ,, ,Yes, ,"On November [XXX], 2022 at 4:30 PM PST a Waymo Autonomous Vehicle (Waymo AV) operating in San Francisco, California was in a collision involving a parked SUV near [XXX].
While reversing in manual on a narrow road, the front right radar of the Waymo AV made contact with the taillight of a parked SUV. At the time of the impact, the Waymo AVs Level 4 ADS was not engaged and a test driver was operating the Waymo AV in manual mode. Both vehicles sustained damage.
Waymo is reporting this crash under Request No. 2 of Standing General Order 2021-01. Waymo may supplement or correct its reporting with additional information as it may become available.", ,,,,,,,prior_june16
30270-4485,1,Waymo LLC,Monthly,11.0,2022.0,DEC-2022,SADHW2S19M1, ,,Jaguar,I-Pace, ,2021.0, ,3ec8539482cc8b0,35308.0, ,In-Vehicle (Commercial / Test),5th Generation ADS, , ,, , ,, , ,, , ,,, , ,,,Yes,ADS,Waymo LLC, , ,Y, , , , , ,,NOV-2022, ,NOV-2022,09:34, ,5628c7d47cd45e9,[MAY CONTAIN PERSONALLY IDENTIFIABLE INFORMATION], ,[MAY CONTAIN PERSONALLY IDENTIFIABLE INFORMATION], ,[MAY CONTAIN PERSONALLY IDENTIFIABLE INFORMATION], ,San Francisco, ,CA ,[MAY CONTAIN PERSONALLY IDENTIFIABLE INFORMATION], ,Intersection,Wet,No Unusual Conditions,25.0, ,Daylight, , , , ,Y, , , ,,Passenger Car,No Injuries Reported,Yes,Crossing into Opposing Lane,Unknown,No, , , , , , , , ,Y, , ,Stopped,No,No,Yes,0.0, ,Y, , , , , , , , , , , , ,Y, ,Y,Y, , ,No,, ,Yes,, ,, ,, ,Yes, ,"On November [XXX], 2022 at 9:34 AM PST a Waymo Autonomous Vehicle (Waymo AV) operating in San Francisco, California was in a collision involving a passenger car on [XXX] at [XXX].
The Waymo AV was stopped in traffic on northbound [XXX] in autonomous mode. A passenger car that had been stopped behind the Waymo AV passed on the left side, crossing the double yellow line and making contact with the Waymo AVs rear left sensor housing. The passenger car immediately left the scene.
At the time of the impact, the Waymo AVs Level 4 ADS was engaged in autonomous mode, and a test driver was present (in the drivers seating position). The Waymo AV sustained damage.
Waymo is reporting this crash under Request No. 2 of Standing General Order 2021-01. Waymo may supplement or correct its reporting with additional information as it may become available.", ,,,,,,,prior_june16